mode	split	expanded	route	primary_additive	primary	alternate	composition	source	enabled	additive	half_color	priority
00	0	0	-	-	15	02	24	ff000201ff	0001010100	0000010000	0000000000	0000000000
00	0	1	0	0	15	02	24	ff000201ff	0001010100	0000000000	0000000000	0000000000
00	0	1	0	1	15	02	24	ff000201ff	0001010100	0000010000	0000000000	0000000000
00	0	1	1	0	15	02	24	0200ff01ff	0101000100	0000000000	0000000000	0000000000
00	0	1	1	1	15	02	24	0200ff01ff	0101000100	0000000000	0000000000	0000000000
00	1	0	-	-	15	02	24	ff00020102	0001010101	0000010001	0000000000	0000010002
00	1	1	0	0	15	02	24	ff00020102	0001010101	0000000000	0000000000	0000010002
00	1	1	0	1	15	02	24	ff00020102	0001010101	0000010001	0000000000	0000010002
00	1	1	1	0	15	02	24	02000201ff	0101010100	0000000000	0000000000	0100020000
00	1	1	1	1	15	02	24	02000201ff	0101010100	0000000000	0000000000	0100020000
01	0	0	-	-	15	02	24	ff000201ff	0001010100	0000010000	0000000000	0000000000
01	0	1	0	0	15	02	24	ff000201ff	0001010100	0000000000	0000000000	0000000000
01	0	1	0	1	15	02	24	ff000201ff	0001010100	0000010000	0000000000	0000000000
01	0	1	1	0	15	02	24	0200ff01ff	0101000100	0000000000	0000000000	0000000000
01	0	1	1	1	15	02	24	0200ff01ff	0101000100	0000000000	0000000000	0000000000
01	1	0	-	-	15	02	24	ff00020102	0001010101	0000010001	0000000000	0000010002
01	1	1	0	0	15	02	24	ff00020102	0001010101	0000000000	0000000000	0000010002
01	1	1	0	1	15	02	24	ff00020102	0001010101	0000010001	0000000000	0000010002
01	1	1	1	0	15	02	24	02000201ff	0101010100	0000000000	0000000000	0100020000
01	1	1	1	1	15	02	24	02000201ff	0101010100	0000000000	0000000000	0100020000
02	0	0	-	-	17	00	24	0200ff01ff	0101000100	0100000000	0000000000	0000000000
02	0	1	0	0	17	00	24	0200ff01ff	0101000100	0000000000	0000000000	0000000000
02	0	1	0	1	17	00	24	0200ff01ff	0101000100	0100000000	0000000000	0000000000
02	0	1	1	0	17	00	24	0200ff01ff	0101000100	0000000000	0000000000	0000000000
02	0	1	1	1	17	00	24	0200ff01ff	0101000100	0000000000	0000000000	0000000000
02	1	0	-	-	17	00	24	0200ff0102	0101000101	0100000001	0000000000	0100000002
02	1	1	0	0	17	00	24	0200ff0102	0101000101	0000000000	0000000000	0100000002
02	1	1	0	1	17	00	24	0200ff0102	0101000101	0100000001	0000000000	0100000002
02	1	1	1	0	17	00	24	0200ff01ff	0101000100	0000000000	0000000000	0000000000
02	1	1	1	1	17	00	24	0200ff01ff	0101000100	0000000000	0000000000	0000000000
03	0	0	-	-	15	02	24	ff000201ff	0001010100	0000010000	0000000000	0000000000
03	0	1	0	0	15	02	24	ff000201ff	0001010100	0000000000	0000000000	0000000000
03	0	1	0	1	15	02	24	ff000201ff	0001010100	0000010000	0000000000	0000000000
03	0	1	1	0	15	02	24	0200ff01ff	0101000100	0000000000	0000000000	0000000000
03	0	1	1	1	15	02	24	0200ff01ff	0101000100	0000000000	0000000000	0000000000
03	1	0	-	-	15	02	24	ff00020102	0001010101	0000010001	0000000000	0000010002
03	1	1	0	0	15	02	24	ff00020102	0001010101	0000000000	0000000000	0000010002
03	1	1	0	1	15	02	24	ff00020102	0001010101	0000010001	0000000000	0000010002
03	1	1	1	0	15	02	24	02000201ff	0101010100	0000000000	0000000000	0100020000
03	1	1	1	1	15	02	24	02000201ff	0101010100	0000000000	0000000000	0100020000
04	0	0	-	-	15	02	24	ff000201ff	0001010100	0000010000	0000000000	0000000000
04	0	1	0	0	15	02	24	ff000201ff	0001010100	0000000000	0000000000	0000000000
04	0	1	0	1	15	02	24	ff000201ff	0001010100	0000010000	0000000000	0000000000
04	0	1	1	0	15	02	24	0200ff01ff	0101000100	0000000000	0000000000	0000000000
04	0	1	1	1	15	02	24	0200ff01ff	0101000100	0000000000	0000000000	0000000000
04	1	0	-	-	15	02	24	ff00020102	0001010101	0000010001	0000000000	0000010002
04	1	1	0	0	15	02	24	ff00020102	0001010101	0000000000	0000000000	0000010002
04	1	1	0	1	15	02	24	ff00020102	0001010101	0000010001	0000000000	0000010002
04	1	1	1	0	15	02	24	02000201ff	0101010100	0000000000	0000000000	0100020000
04	1	1	1	1	15	02	24	02000201ff	0101010100	0000000000	0000000000	0100020000
05	0	0	-	-	15	02	24	ff000201ff	0001010100	0000010000	0000000000	0000000000
05	0	1	0	0	15	02	24	ff000201ff	0001010100	0000000000	0000000000	0000000000
05	0	1	0	1	15	02	24	ff000201ff	0001010100	0000010000	0000000000	0000000000
05	0	1	1	0	15	02	24	0200ff01ff	0101000100	0000000000	0000000000	0000000000
05	0	1	1	1	15	02	24	0200ff01ff	0101000100	0000000000	0000000000	0000000000
05	1	0	-	-	15	02	24	ff00020102	0001010101	0000010001	0000000000	0000010002
05	1	1	0	0	15	02	24	ff00020102	0001010101	0000000000	0000000000	0000010002
05	1	1	0	1	15	02	24	ff00020102	0001010101	0000010001	0000000000	0000010002
05	1	1	1	0	15	02	24	02000201ff	0101010100	0000000000	0000000000	0100020000
05	1	1	1	1	15	02	24	02000201ff	0101010100	0000000000	0000000000	0100020000
06	0	0	-	-	17	00	20	0200ff01ff	0101000100	0000000000	0000000000	0000000000
06	0	1	0	0	17	00	20	0200ff01ff	0101000100	0000000000	0000000000	0000000000
06	0	1	0	1	17	00	20	0200ff01ff	0101000100	0100000000	0000000000	0000000000
06	0	1	1	0	17	00	20	0200ff01ff	0101000100	0000000000	0000000000	0000000000
06	0	1	1	1	17	00	20	0200ff01ff	0101000100	0000000000	0000000000	0000000000
06	1	0	-	-	17	00	20	0200ff0102	0101000101	0000000000	0000000000	0100000002
06	1	1	0	0	17	00	20	0200ff0102	0101000101	0000000000	0000000000	0100000002
06	1	1	0	1	17	00	20	0200ff0102	0101000101	0100000001	0000000000	0100000002
06	1	1	1	0	17	00	20	0200ff01ff	0101000100	0000000000	0000000000	0000000000
06	1	1	1	1	17	00	20	0200ff01ff	0101000100	0000000000	0000000000	0000000000
07	0	0	-	-	15	02	24	ff000201ff	0001010100	0000010000	0000000000	0000000000
07	0	1	0	0	15	02	24	ff000201ff	0001010100	0000000000	0000000000	0000000000
07	0	1	0	1	15	02	24	ff000201ff	0001010100	0000010000	0000000000	0000000000
07	0	1	1	0	15	02	24	0200ff01ff	0101000100	0000000000	0000000000	0000000000
07	0	1	1	1	15	02	24	0200ff01ff	0101000100	0000000000	0000000000	0000000000
07	1	0	-	-	15	02	24	ff00020102	0001010101	0000010001	0000000000	0000010002
07	1	1	0	0	15	02	24	ff00020102	0001010101	0000000000	0000000000	0000010002
07	1	1	0	1	15	02	24	ff00020102	0001010101	0000010001	0000000000	0000010002
07	1	1	1	0	15	02	24	02000201ff	0101010100	0000000000	0000000000	0100020000
07	1	1	1	1	15	02	24	02000201ff	0101010100	0000000000	0000000000	0100020000
08	0	0	-	-	17	00	24	0200ff01ff	0101000100	0100000000	0000000000	0000000000
08	0	1	0	0	17	00	24	0200ff01ff	0101000100	0000000000	0000000000	0000000000
08	0	1	0	1	17	00	24	0200ff01ff	0101000100	0100000000	0000000000	0000000000
08	0	1	1	0	17	00	24	0200ff01ff	0101000100	0000000000	0000000000	0000000000
08	0	1	1	1	17	00	24	0200ff01ff	0101000100	0000000000	0000000000	0000000000
08	1	0	-	-	17	00	24	0200ff0102	0101000101	0100000001	0000000000	0100000002
08	1	1	0	0	17	00	24	0200ff0102	0101000101	0000000000	0000000000	0100000002
08	1	1	0	1	17	00	24	0200ff0102	0101000101	0100000001	0000000000	0100000002
08	1	1	1	0	17	00	24	0200ff01ff	0101000100	0000000000	0000000000	0000000000
08	1	1	1	1	17	00	24	0200ff01ff	0101000100	0000000000	0000000000	0000000000
09	0	0	-	-	15	00	20	0200ff01ff	0100000100	0000000000	0000000000	0000000000
09	0	1	0	0	15	00	20	0200ff01ff	0100000100	0000000000	0000000000	0000000000
09	0	1	0	1	15	00	20	0200ff01ff	0100000100	0100000000	0000000000	0000000000
09	0	1	1	0	15	00	20	0200ff01ff	0100000100	0000000000	0000000000	0000000000
09	0	1	1	1	15	00	20	0200ff01ff	0100000100	0000000000	0000000000	0000000000
09	1	0	-	-	15	00	20	0200ff0102	0100000101	0000000000	0000000000	0100000002
09	1	1	0	0	15	00	20	0200ff0102	0100000101	0000000000	0000000000	0100000002
09	1	1	0	1	15	00	20	0200ff0102	0100000101	0100000001	0000000000	0100000002
09	1	1	1	0	15	00	20	0200ff01ff	0100000100	0000000000	0000000000	0000000000
09	1	1	1	1	15	00	20	0200ff01ff	0100000100	0000000000	0000000000	0000000000
0A	0	0	-	-	15	02	24	ff000201ff	0001010100	0000010000	0000000000	0000000000
0A	0	1	0	0	15	02	24	ff000201ff	0001010100	0000000000	0000000000	0000000000
0A	0	1	0	1	15	02	24	ff000201ff	0001010100	0000010000	0000000000	0000000000
0A	0	1	1	0	15	02	24	0200ff01ff	0101000100	0000000000	0000000000	0000000000
0A	0	1	1	1	15	02	24	0200ff01ff	0101000100	0000000000	0000000000	0000000000
0A	1	0	-	-	15	02	24	ff00020102	0001010101	0000010001	0000000000	0000010002
0A	1	1	0	0	15	02	24	ff00020102	0001010101	0000000000	0000000000	0000010002
0A	1	1	0	1	15	02	24	ff00020102	0001010101	0000010001	0000000000	0000010002
0A	1	1	1	0	15	02	24	02000201ff	0101010100	0000000000	0000000000	0100020000
0A	1	1	1	1	15	02	24	02000201ff	0101010100	0000000000	0000000000	0100020000
0B	0	0	-	-	15	00	20	0200ff01ff	0100000100	0000000000	0000000000	0000000000
0B	0	1	0	0	15	00	20	0200ff01ff	0100000100	0000000000	0000000000	0000000000
0B	0	1	0	1	15	00	20	0200ff01ff	0100000100	0100000000	0000000000	0000000000
0B	0	1	1	0	15	00	20	0200ff01ff	0100000100	0000000000	0000000000	0000000000
0B	0	1	1	1	15	00	20	0200ff01ff	0100000100	0000000000	0000000000	0000000000
0B	1	0	-	-	15	00	20	0200ff0102	0100000101	0000000000	0000000000	0100000002
0B	1	1	0	0	15	00	20	0200ff0102	0100000101	0000000000	0000000000	0100000002
0B	1	1	0	1	15	00	20	0200ff0102	0100000101	0100000001	0000000000	0100000002
0B	1	1	1	0	15	00	20	0200ff01ff	0100000100	0000000000	0000000000	0000000000
0B	1	1	1	1	15	00	20	0200ff01ff	0100000100	0000000000	0000000000	0000000000
0C	0	0	-	-	15	02	70	ff000201ff	0001010100	0000000000	0000000000	0000000000
0C	0	1	0	0	15	02	70	ff000201ff	0001010100	0000000000	0000000000	0000000000
0C	0	1	0	1	15	02	70	ff000201ff	0001010100	0000010000	0000010000	0000000000
0C	0	1	1	0	15	02	70	0200ff01ff	0101000100	0000000000	0100000000	0000000000
0C	0	1	1	1	15	02	70	0200ff01ff	0101000100	0000000000	0100000000	0000000000
0C	1	0	-	-	15	02	70	ff00020102	0001010101	0000000000	0000000000	0000010002
0C	1	1	0	0	15	02	70	ff00020102	0001010101	0000000000	0000000000	0000010002
0C	1	1	0	1	15	02	70	ff00020102	0001010101	0000010001	0000010001	0000010002
0C	1	1	1	0	15	02	70	02000201ff	0101010100	0000000000	0100010000	0100020000
0C	1	1	1	1	15	02	70	02000201ff	0101010100	0000000000	0100010000	0100020000
0D	0	0	-	-	15	02	70	ff000201ff	0001010100	0000000000	0000000000	0000000000
0D	0	1	0	0	15	02	70	ff000201ff	0001010100	0000000000	0000000000	0000000000
0D	0	1	0	1	15	02	70	ff000201ff	0001010100	0000010000	0000010000	0000000000
0D	0	1	1	0	15	02	70	0200ff01ff	0101000100	0000000000	0100000000	0000000000
0D	0	1	1	1	15	02	70	0200ff01ff	0101000100	0000000000	0100000000	0000000000
0D	1	0	-	-	15	02	70	ff00020102	0001010101	0000000000	0000000000	0000010002
0D	1	1	0	0	15	02	70	ff00020102	0001010101	0000000000	0000000000	0000010002
0D	1	1	0	1	15	02	70	ff00020102	0001010101	0000010001	0000010001	0000010002
0D	1	1	1	0	15	02	70	02000201ff	0101010100	0000000000	0100010000	0100020000
0D	1	1	1	1	15	02	70	02000201ff	0101010100	0000000000	0100010000	0100020000
0E	0	0	-	-	04	13	24	ff00ff0102	0001000101	0000000001	0000000000	0000000000
0E	0	1	0	0	04	13	24	ff00ff0102	0001000101	0000000000	0000000000	0000000000
0E	0	1	0	1	04	13	24	ff00ff0102	0001000101	0000000001	0000000000	0000000000
0E	0	1	1	0	04	13	24	0200ff01ff	0101000100	0000000000	0000000000	0000000000
0E	0	1	1	1	04	13	24	0200ff01ff	0101000100	0000000000	0000000000	0000000000
0E	1	0	-	-	04	13	24	ff00ff0102	0001000101	0000000001	0000000000	0000000000
0E	1	1	0	0	04	13	24	ff00ff0102	0001000101	0000000000	0000000000	0000000000
0E	1	1	0	1	04	13	24	ff00ff0102	0001000101	0000000001	0000000000	0000000000
0E	1	1	1	0	04	13	24	02000201ff	0101010100	0000000000	0000000000	0100020000
0E	1	1	1	1	04	13	24	02000201ff	0101010100	0000000000	0000000000	0100020000
0F	0	0	-	-	04	13	24	ff00ff0102	0001000101	0000000001	0000000000	0000000000
0F	0	1	0	0	04	13	24	ff00ff0102	0001000101	0000000000	0000000000	0000000000
0F	0	1	0	1	04	13	24	ff00ff0102	0001000101	0000000001	0000000000	0000000000
0F	0	1	1	0	04	13	24	0200ff01ff	0101000100	0000000000	0000000000	0000000000
0F	0	1	1	1	04	13	24	0200ff01ff	0101000100	0000000000	0000000000	0000000000
0F	1	0	-	-	04	13	24	ff00ff0102	0001000101	0000000001	0000000000	0000000000
0F	1	1	0	0	04	13	24	ff00ff0102	0001000101	0000000000	0000000000	0000000000
0F	1	1	0	1	04	13	24	ff00ff0102	0001000101	0000000001	0000000000	0000000000
0F	1	1	1	0	04	13	24	02000201ff	0101010100	0000000000	0000000000	0100020000
0F	1	1	1	1	04	13	24	02000201ff	0101010100	0000000000	0000000000	0100020000
10	0	0	-	-	15	00	20	0200ff01ff	0100000100	0000000000	0000000000	0000000000
10	0	1	0	0	15	00	20	0200ff01ff	0100000100	0000000000	0000000000	0000000000
10	0	1	0	1	15	00	20	0200ff01ff	0100000100	0100000000	0000000000	0000000000
10	0	1	1	0	15	00	20	0200ff01ff	0100000100	0000000000	0000000000	0000000000
10	0	1	1	1	15	00	20	0200ff01ff	0100000100	0000000000	0000000000	0000000000
10	1	0	-	-	15	00	20	0200ff0102	0100000101	0000000000	0000000000	0100000002
10	1	1	0	0	15	00	20	0200ff0102	0100000101	0000000000	0000000000	0100000002
10	1	1	0	1	15	00	20	0200ff0102	0100000101	0100000001	0000000000	0100000002
10	1	1	1	0	15	00	20	0200ff01ff	0100000100	0000000000	0000000000	0000000000
10	1	1	1	1	15	00	20	0200ff01ff	0100000100	0000000000	0000000000	0000000000
11	0	0	-	-	17	00	ff	0200ff01ff	0101000100	0000000000	0000000000	0000000000
11	0	1	0	0	17	00	ff	0200ff01ff	0101000100	0000000000	0000000000	0000000000
11	0	1	0	1	17	00	ff	0200ff01ff	0101000100	0000000000	0000000000	0000000000
11	0	1	1	0	17	00	ff	0200ff01ff	0101000100	0000000000	0100000000	0000000000
11	0	1	1	1	17	00	ff	0200ff01ff	0101000100	0000000000	0100000000	0000000000
11	1	0	-	-	17	00	ff	0200ff0102	0101000101	0000000000	0000000000	0100000002
11	1	1	0	0	17	00	ff	0200ff0102	0101000101	0000000000	0000000000	0100000002
11	1	1	0	1	17	00	ff	0200ff0102	0101000101	0000000000	0000000000	0100000002
11	1	1	1	0	17	00	ff	0200ff01ff	0101000100	0000000000	0100000000	0000000000
11	1	1	1	1	17	00	ff	0200ff01ff	0101000100	0000000000	0100000000	0000000000
1E	0	0	-	-	01	16	21	0200ff01ff	0101000100	0000000100	0000000000	0000000000
1E	0	1	0	0	01	16	21	0200ff01ff	0101000100	0000000100	0000000000	0000000000
1E	0	1	0	1	01	16	21	0200ff01ff	0101000100	0000000100	0000000000	0000000000
1E	0	1	1	0	01	16	21	0200ff01ff	0101000100	0000000100	0000000000	0000000000
1E	0	1	1	1	01	16	21	0200ff01ff	0101000100	0000000100	0000000000	0000000000
1E	1	0	-	-	01	16	21	02000201ff	0101010100	0000000100	0000000000	0100020000
1E	1	1	0	0	01	16	21	02000201ff	0101010100	0000000100	0000000000	0100020000
1E	1	1	0	1	01	16	21	02000201ff	0101010100	0000000100	0000000000	0100020000
1E	1	1	1	0	01	16	21	02000201ff	0101010100	0000000100	0000000000	0100020000
1E	1	1	1	1	01	16	21	02000201ff	0101010100	0000000100	0000000000	0100020000
1F	0	0	-	-	02	15	22	0201ff00ff	0101000100	0000000100	0000000000	0000000000
1F	0	1	0	0	02	15	22	0201ff00ff	0101000100	0000000100	0000000000	0000000000
1F	0	1	0	1	02	15	22	0201ff00ff	0101000100	0000000100	0000000000	0000000000
1F	0	1	1	0	02	15	22	0201ff00ff	0101000100	0000000100	0000000000	0000000000
1F	0	1	1	1	02	15	22	0201ff00ff	0101000100	0000000100	0000000000	0000000000
1F	1	0	-	-	02	15	22	02010200ff	0101010100	0000000100	0000000000	0100020000
1F	1	1	0	0	02	15	22	02010200ff	0101010100	0000000100	0000000000	0100020000
1F	1	1	0	1	02	15	22	02010200ff	0101010100	0000000100	0000000000	0100020000
1F	1	1	1	0	02	15	22	02010200ff	0101010100	0000000100	0000000000	0100020000
1F	1	1	1	1	02	15	22	02010200ff	0101010100	0000000100	0000000000	0100020000
