000	238C	LM_FILE_OPEN_ROM
001	238D	LM_FILE_OPEN_FILE
002	238E	LM_FILE_OPEN_LEVEL
003	238F	LM_FILE_OPEN_LEVEL_ADDRESS
004	2390	LM_FILE_NEXT_LEVEL
005	2391	LM_FILE_PREVIOUS_LEVEL
006	23C2	LM_FILE_DELETE_LEVEL
007	2392	LM_FILE_SAVE_LEVEL_TO_ROM_AS
008	2393	LM_FILE_SAVE_DIRECTORY
009	2394	LM_FILE_SAVE_FILE
010	2395	LM_FILE_SAVE_FILE_AS
011	2396	LM_FILE_SCAN_ROM
012	23C1	LM_FILE_TILE_EDITOR_SETTINGS
013	2397	LM_FILE_EXTRACT_GFX
014	2398	LM_FILE_INSERT_GFX
015	2399	LM_FILE_EXTRACT_EXGFX
016	239A	LM_FILE_INSERT_EXGFX
017	239B	LM_FILE_EXTRACT_EXGFX_LIST
018	239C	LM_FILE_INSERT_EXGFX_LIST
019	239D	LM_FILE_EXTRACT_PALETTE
020	239E	LM_FILE_INSERT_PALETTE
021	239F	LM_FILE_EXPORT_PALETTE
022	23A0	LM_FILE_IMPORT_PALETTE
023	23A1	LM_FILE_EXIT
024	23A3	LM_FILE_EXPORT_DIRECTORY
025	23A4	LM_FILE_ENCRYPT_LEVELS
026	23A5	LM_FILE_DECRYPT_LEVELS
027	23C3	LM_FILE_DELETE_MULT_LEVELS
028	23A9	LM_FILE_CLEAR_OLD_LEVELS
029	23AB	LM_FILE_EMULATOR_RUN
030	23AC	LM_FILE_EMULATOR_SETTINGS
031	23B1	LM_FILE_EXPAND_ROM2
032	23B2	LM_FILE_EXPAND_ROM3
033	23B3	LM_FILE_EXPAND_ROM4
034	23B4	LM_FILE_EXPAND_ROM8
035	23B6	LM_FILE_EXPAND_ROM6_SA1
036	23B7	LM_FILE_EXPAND_ROM8_SA1
037	23B8	LM_FILE_CREATE_RESTORE
038	23B9	LM_FILE_RESTORE
039	23BA	LM_FILE_CREATE_IPS
040	23BB	LM_FILE_APPLY_IPS
041	23BC	LM_FILE_EXPORT_DIRECTORY_BITMAP
042	23BD	LM_FILE_EXPORT_BITMAP
043	23BE	LM_FILE_RELOAD_ROM
044	23BF	LM_FILE_CLOSE_ROM
045	23C0	LM_FILE_ANALYZE_LEVELS
046	23D2	LM_FILE_SAVE_BUTTON
047	23D3	LM_FILE_EXTRACT_GFX_BUTTON
048	23D4	LM_FILE_INSERT_GFX_BUTTON
049	23D5	LM_FILE_EXTRACT_EXGFX_BUTTON
050	23D6	LM_FILE_INSERT_EXGFX_BUTTON
051	23D7	LM_FILE_INSERT_ALL_GRAPHICS
052	23C8	LM_FILE_INT_EMULATOR_RUN
053	23C9	LM_FILE_INT_EMULATOR_UNLOAD
054	23CA	LM_FILE_INT_EMULATOR_PAUSE
055	23CB	LM_FILE_INT_EMULATOR_MUTE
056	23CC	LM_FILE_INT_EMULATOR_USE_F4
057	23CD	LM_FILE_INT_EMULATOR_TILES
058	23CE	LM_FILE_INT_EMULATOR_FRAME_ADVANCE
059	23CF	LM_FILE_INT_EMULATOR_PAUSE_TRANSLUCENT
060	23D0	LM_FILE_INT_EMULATOR_STOP_LEVEL_CHANGE
061	23DB	LM_FILE_RECENT_MENU
062	2454	LM_EDIT_CUT
063	2455	LM_EDIT_COPY
064	2456	LM_EDIT_PASTE
065	2457	LM_EDIT_EDIT_LAYER_1
066	2458	LM_EDIT_EDIT_LAYER_2
067	2459	LM_EDIT_SPRITES
068	245A	LM_EDIT_INSERT
069	245B	LM_EDIT_DELETE
070	245C	LM_EDIT_DELETE_ALL
071	245D	LM_EDIT_SELECT_ALL
072	246A	LM_EDIT_BRING_TO_FRONT
073	246B	LM_EDIT_SEND_TO_BACK
074	246C	LM_EDIT_BRING_FORWARD
075	246D	LM_EDIT_SEND_BACKWARD
076	245E	LM_EDIT_ZORDER_UP
077	245F	LM_EDIT_ZORDER_DOWN
078	2460	LM_EDIT_INCREASE_X
079	2461	LM_EDIT_DECREASE_X
080	2462	LM_EDIT_INCREASE_Y
081	2463	LM_EDIT_DECREASE_Y
082	2464	LM_EDIT_UNDO
083	2465	LM_EDIT_REDO
084	2466	LM_EDIT_CDM16
085	2467	LM_EDIT_REMAP_DM16
086	2468	LM_EDIT_PROPERTIES
087	2472	LM_EDIT_ESCAPE
088	2473	LM_EDIT_SELECT_FG
089	2474	LM_EDIT_SELECT_BG
090	245D	LM_EDIT_SELECT_ALL
091	2469	LM_EDIT_EDIT_MANUAL
092	23F0	LM_VIEW_LAYER_1
093	23F1	LM_VIEW_LAYER_2
094	240F	LM_VIEW_LAYER_3
095	23F2	LM_VIEW_BACKGROUND
096	23F3	LM_VIEW_SPRITES
097	23F4	LM_VIEW_SPRITE_DATA
098	23F5	LM_VIEW_SCREEN_EXITS
099	23F6	LM_VIEW_SCREEN_GRID
100	23F7	LM_VIEW_SCREEN_GRID_2
101	2410	LM_VIEW_SURFACE_OUTLINE
102	2411	LM_VIEW_LINE_GUIDE_OUTLINE
103	2414	LM_VIEW_ALL_ENTRANCES
104	23F8	LM_VIEW_LEVEL_ENTRANCE
105	23F9	LM_VIEW_LEVEL_ENTRANCE_2
106	23FA	LM_VIEW_MIDWAY_POINT
107	2412	LM_VIEW_BLOCK_EXITS
108	2413	LM_VIEW_BLOCK_CONTENTS
109	23FB	LM_VIEW_GREEN_SWITCH
110	23FC	LM_VIEW_YELLOW_SWITCH
111	23FD	LM_VIEW_BLUE_SWITCH
112	23FE	LM_VIEW_RED_SWITCH
113	23FF	LM_VIEW_SPECIAL_WORLD
114	2400	LM_VIEW_INVISIBLE
115	2401	LM_VIEW_INVISIBLE_2
116	2402	LM_VIEW_LINE_ON
117	2403	LM_VIEW_INCREASE_FRAME
118	2404	LM_VIEW_ANIMATION
119	2405	LM_VIEW_SILVER_POW
120	2406	LM_VIEW_POW
121	2407	LM_VIEW_512HEIGHT_BG
122	2415	LM_VIEW_TRANSLUCENT
123	2408	LM_VIEW_TILE_GRID
124	2409	LM_VIEW_CDM16
125	2440	LM_VIEW_ZOOM
126	2446	LM_VIEW_ZOOM_TOGGLE
127	2447	LM_VIEW_ZOOM_DEFAULT
128	2448	LM_VIEW_ZOOM_PLUS
129	2449	LM_VIEW_ZOOM_MINUS
130	2444	LM_VIEW_ZOOM_FILTER
131	240B	LM_VIEW_HAVE_STAR
132	240C	LM_VIEW_TIME_100
133	240D	LM_VIEW_5YOSHI_COINS
134	240E	LM_VIEW_RESET_ANIMATION
135	2330	LM_VIEW_ADD_OBJECT
136	2331	LM_VIEW_ADD_SPRITE
137	232A	LM_VIEW_8x8
138	232F	LM_VIEW_16x16
139	2332	LM_VIEW_BACK
140	232D	LM_VIEW_OVERWORLD
141	232E	LM_VIEW_PALETTES
142	2333	LM_VIEW_LAYER_3_EDITOR
143	2330	LM_VIEW_OBJECT
144	2331	LM_VIEW_SPRITE
145	2328	LM_VIEW_ADD_OBJECT_OLD
146	2329	LM_VIEW_ADD_SPRITE_OLD
147	232B	LM_VIEW_16x16_OLD
148	232C	LM_VIEW_BACK_OLD
149	251E	LM_LEVEL_SUPER_BYPASS
150	251F	LM_LEVEL_SUPER_BYPASS2
151	2520	LM_LEVEL_BYPASS_FG
152	2521	LM_LEVEL_BYPASS_SP
153	2522	LM_LEVEL_BYPASS_MUSIC
154	2523	LM_LEVEL_EXITS
155	2524	LM_LEVEL_ENTRANCE
156	2525	LM_LEVEL_ENTRANCE2
157	2526	LM_LEVEL_SCAN_EXITS
158	2527	LM_LEVEL_BG
159	2529	LM_LEVEL_GRAPHICS
160	252A	LM_LEVEL_PROPERTIES
161	252B	LM_LEVEL_OTHER
162	252B	LM_LEVEL_LAYER12_SETTINGS
163	252C	LM_LEVEL_SPRITES
164	252D	LM_LEVEL_EXTEND_ANI
165	252E	LM_LEVEL_BG_MAP16
166	252F	LM_LEVEL_BG_OFFSET
167	2530	LM_LEVEL_EX20_LEVEL
168	2531	LM_LEVEL_EX20_GLOBAL
169	2532	LM_LEVEL_EX20_SETTINGS
170	2533	LM_LEVEL_LAYER3_BYPASS
171	2534	LM_LEVEL_LAYER3_BYPASS2
172	2535	LM_LEVEL_LAYER3_SETTINGS
173	24D7	LM_OPTIONS_GENERAL
174	24CE	LM_OPTIONS_RESTORE
175	24CB	LM_OPTIONS_ANIM_RATE
176	24D1	LM_OPTIONS_COMPRESSION
177	24E8	LM_OPTIONS_VRAM
178	24BA	LM_OPTIONS_ALLOW_FRAGMENT
179	24BB	LM_OPTIONS_MAINTAIN_CHECKSUM
180	24BC	LM_OPTIONS_AUTO_SCREENS
181	24BD	LM_OPTIONS_ATTACH_FILES
182	24BE	LM_OPTIONS_SPRITE_OBJECT_ID
183	24BF	LM_OPTIONS_BG_CURSOR
184	2415	LM_OPTIONS_TRANSLUCENT
185	24C1	LM_OPTIONS_WINDOW_SIZE
186	24C2	LM_OPTIONS_SCAN_EXITS
187	24C3	LM_OPTIONS_SCAN_SPRITES
188	24C4	LM_OPTIONS_INSTALL_VRAM
189	24C5	LM_OPTIONS_CUSTOM_SPRTES
190	24C6	LM_OPTIONS_AUTO_HEADER
191	24C7	LM_OPTIONS_SAVE_PROMPT
192	24C8	LM_OPTIONS_MOUSE_GESTURES
193	24C9	LM_OPTIONS_SAVE_GESTURES
194	24CC	LM_OPTIONS_USE_FASTROM
195	24CD	LM_OPTIONS_PATCH_FASTROM
196	24CF	LM_OPTIONS_WARN_IPS
197	24D0	LM_OPTIONS_CONVERT_BERRY
198	24D2	LM_OPTIONS_OTHER_BYPASS
199	24D3	LM_OPTIONS_PAST_2MB
200	24D4	LM_OPTIONS_WARN_OBJECT
201	24D5	LM_OPTIONS_CORRECT_FATAL_ERRORS
202	24D6	LM_OPTIONS_SA1_RAM_REMAP
203	24D8	LM_OPTIONS_4BPP_PATCH
204	24D9	LM_OPTIONS_WARN_SPRITE_33
205	24DB	LM_OPTIONS_AUTO_DESELECT
206	24DC	LM_OPTIONS_WHEEL_ZOOM
207	24DD	LM_OPTIONS_ZOOM_MENU
208	25E4	LM_HELP_CONTENTS
209	25E5	LM_HELP_ABOUT
210	2648	LM_VIEW_CUSTOM_TRIGGER_0
211	2649	LM_VIEW_CUSTOM_TRIGGER_1
212	264A	LM_VIEW_CUSTOM_TRIGGER_2
213	264B	LM_VIEW_CUSTOM_TRIGGER_3
214	264C	LM_VIEW_CUSTOM_TRIGGER_4
215	264D	LM_VIEW_CUSTOM_TRIGGER_5
216	264E	LM_VIEW_CUSTOM_TRIGGER_6
217	264F	LM_VIEW_CUSTOM_TRIGGER_7
218	2650	LM_VIEW_CUSTOM_TRIGGER_8
219	2651	LM_VIEW_CUSTOM_TRIGGER_9
220	2652	LM_VIEW_CUSTOM_TRIGGER_A
221	2653	LM_VIEW_CUSTOM_TRIGGER_B
222	2654	LM_VIEW_CUSTOM_TRIGGER_C
223	2655	LM_VIEW_CUSTOM_TRIGGER_D
224	2656	LM_VIEW_CUSTOM_TRIGGER_E
225	2657	LM_VIEW_CUSTOM_TRIGGER_F
226	2658	LM_VIEW_ONESHOT_TRIGGER_00
227	2659	LM_VIEW_ONESHOT_TRIGGER_01
228	265A	LM_VIEW_ONESHOT_TRIGGER_02
229	265B	LM_VIEW_ONESHOT_TRIGGER_03
230	265C	LM_VIEW_ONESHOT_TRIGGER_04
231	265D	LM_VIEW_ONESHOT_TRIGGER_05
232	265E	LM_VIEW_ONESHOT_TRIGGER_06
233	265F	LM_VIEW_ONESHOT_TRIGGER_07
234	2660	LM_VIEW_ONESHOT_TRIGGER_08
235	2661	LM_VIEW_ONESHOT_TRIGGER_09
236	2662	LM_VIEW_ONESHOT_TRIGGER_0A
237	2663	LM_VIEW_ONESHOT_TRIGGER_0B
238	2664	LM_VIEW_ONESHOT_TRIGGER_0C
239	2665	LM_VIEW_ONESHOT_TRIGGER_0D
240	2666	LM_VIEW_ONESHOT_TRIGGER_0E
241	2667	LM_VIEW_ONESHOT_TRIGGER_0F
242	2668	LM_VIEW_ONESHOT_TRIGGER_10
243	2669	LM_VIEW_ONESHOT_TRIGGER_11
244	266A	LM_VIEW_ONESHOT_TRIGGER_12
245	266B	LM_VIEW_ONESHOT_TRIGGER_13
246	266C	LM_VIEW_ONESHOT_TRIGGER_14
247	266D	LM_VIEW_ONESHOT_TRIGGER_15
248	266E	LM_VIEW_ONESHOT_TRIGGER_16
249	266F	LM_VIEW_ONESHOT_TRIGGER_17
250	2670	LM_VIEW_ONESHOT_TRIGGER_18
251	2671	LM_VIEW_ONESHOT_TRIGGER_19
252	2672	LM_VIEW_ONESHOT_TRIGGER_1A
253	2673	LM_VIEW_ONESHOT_TRIGGER_1B
254	2674	LM_VIEW_ONESHOT_TRIGGER_1C
255	2675	LM_VIEW_ONESHOT_TRIGGER_1D
256	2676	LM_VIEW_ONESHOT_TRIGGER_1E
257	2677	LM_VIEW_ONESHOT_TRIGGER_1F
258	2678	LM_VIEW_MANUAL_TRIGGER_INC_0
259	2679	LM_VIEW_MANUAL_TRIGGER_INC_1
260	267A	LM_VIEW_MANUAL_TRIGGER_INC_2
261	267B	LM_VIEW_MANUAL_TRIGGER_INC_3
262	267C	LM_VIEW_MANUAL_TRIGGER_INC_4
263	267D	LM_VIEW_MANUAL_TRIGGER_INC_5
264	267E	LM_VIEW_MANUAL_TRIGGER_INC_6
265	267F	LM_VIEW_MANUAL_TRIGGER_INC_7
266	2680	LM_VIEW_MANUAL_TRIGGER_INC_8
267	2681	LM_VIEW_MANUAL_TRIGGER_INC_9
268	2682	LM_VIEW_MANUAL_TRIGGER_INC_A
269	2683	LM_VIEW_MANUAL_TRIGGER_INC_B
270	2684	LM_VIEW_MANUAL_TRIGGER_INC_C
271	2685	LM_VIEW_MANUAL_TRIGGER_INC_D
272	2686	LM_VIEW_MANUAL_TRIGGER_INC_E
273	2687	LM_VIEW_MANUAL_TRIGGER_INC_F
274	2688	LM_VIEW_MANUAL_TRIGGER_DEC_0
275	2689	LM_VIEW_MANUAL_TRIGGER_DEC_1
276	268A	LM_VIEW_MANUAL_TRIGGER_DEC_2
277	268B	LM_VIEW_MANUAL_TRIGGER_DEC_3
278	268C	LM_VIEW_MANUAL_TRIGGER_DEC_4
279	268D	LM_VIEW_MANUAL_TRIGGER_DEC_5
280	268E	LM_VIEW_MANUAL_TRIGGER_DEC_6
281	268F	LM_VIEW_MANUAL_TRIGGER_DEC_7
282	2690	LM_VIEW_MANUAL_TRIGGER_DEC_8
283	2691	LM_VIEW_MANUAL_TRIGGER_DEC_9
284	2692	LM_VIEW_MANUAL_TRIGGER_DEC_A
285	2693	LM_VIEW_MANUAL_TRIGGER_DEC_B
286	2694	LM_VIEW_MANUAL_TRIGGER_DEC_C
287	2695	LM_VIEW_MANUAL_TRIGGER_DEC_D
288	2696	LM_VIEW_MANUAL_TRIGGER_DEC_E
289	2697	LM_VIEW_MANUAL_TRIGGER_DEC_F
290	2698	LM_VIEW_CUSTOM_TRIGGER_INC
291	2699	LM_VIEW_CUSTOM_TRIGGER_DEC
292	269A	LM_VIEW_ONESHOT_TRIGGER_INC
293	269B	LM_VIEW_ONESHOT_TRIGGER_DEC
294	269C	LM_VIEW_MANUAL_TRIGGER_INC
295	269D	LM_VIEW_MANUAL_TRIGGER_DEC
296	269E	LM_VIEW_CUSTOM_TRIGGER_CURRENT
297	269F	LM_VIEW_ONESHOT_TRIGGER_CURRENT
298	26A0	LM_VIEW_MANUAL_TRIGGER_CURRENT_INC
299	26A1	LM_VIEW_MANUAL_TRIGGER_CURRENT_DEC
300	26AC	LM_KEY_SPRITE19_FIX
301	26AD	LM_KEY_MENUCOLOR_FIX
302	26AE	LM_KEY_GRID_COLOR
303	26AF	LM_KEY_ADD_CSPRITE
304	26AF	LM_KEY_ADD_CUSTOM
305	26B0	LM_KEY_2BPP_MODE
306	26B1	LM_KEY_TRUNCATE
307	26B2	LM_KEY_DUMP_DATA
308	26B4	LM_KEY_MARIO_REGIONS
309	26B5	LM_KEY_BGEDIT_ONTOP
310	26B6	LM_KEY_LAYER3_16X16_MODE
311	26B7	LM_KEY_EXANIM_SLOTS
312	26B8	LM_KEY_GFX_OVERRIDE
313	26FC	LM_MOUSE_LEVEL_BACK
314	26FD	LM_MOUSE_LEVEL_FORWARD
315	26FE	LM_MOUSE_SCREEN_EXIT
316	26FF	LM_MOUSE_EDIT_SCREEN_EXIT
317	0000
